<?xml version="1.0" encoding="UTF-8"?>
<GenRun Id="impl_1" LaunchPart="xc7z010clg400-1" LaunchTime="1586531241">
  <File Type="PA-TCL" Name="ov7670_top.tcl"/>
  <File Type="BITSTR-BMM" Name="ov7670_top_bd.bmm"/>
  <File Type="REPORTS-TCL" Name="ov7670_top_reports.tcl"/>
  <File Type="OPT-DCP" Name="ov7670_top_opt.dcp"/>
  <File Type="OPT-DRC" Name="ov7670_top_drc_opted.rpt"/>
  <File Type="OPT-HWDEF" Name="ov7670_top.hwdef"/>
  <File Type="PWROPT-DCP" Name="ov7670_top_pwropt.dcp"/>
  <File Type="PLACE-DCP" Name="ov7670_top_placed.dcp"/>
  <File Type="PLACE-PRE-SIMILARITY" Name="ov7670_top_incremental_reuse_pre_placed.rpt"/>
  <File Type="BG-BGN" Name="ov7670_top.bgn"/>
  <File Type="POSTPLACE-PWROPT-DCP" Name="ov7670_top_postplace_pwropt.dcp"/>
  <File Type="BG-BIN" Name="ov7670_top.bin"/>
  <File Type="PHYSOPT-DCP" Name="ov7670_top_physopt.dcp"/>
  <File Type="BITSTR-MSK" Name="ov7670_top.msk"/>
  <File Type="ROUTE-ERROR-DCP" Name="ov7670_top_routed_error.dcp"/>
  <File Type="ROUTE-DCP" Name="ov7670_top_routed.dcp"/>
  <File Type="ROUTE-BLACKBOX-DCP" Name="ov7670_top_routed_bb.dcp"/>
  <File Type="BITSTR-LTX" Name="ov7670_top.ltx"/>
  <File Type="BITSTR-MMI" Name="ov7670_top.mmi"/>
  <File Type="BITSTR-SYSDEF" Name="ov7670_top.sysdef"/>
  <File Type="ROUTE-TIMING-PB" Name="ov7670_top_timing_summary_routed.pb"/>
  <File Type="POSTROUTE-PHYSOPT-DCP" Name="ov7670_top_postroute_physopt.dcp"/>
  <File Type="POSTROUTE-PHYSOPT-BLACKBOX-DCP" Name="ov7670_top_postroute_physopt_bb.dcp"/>
  <File Type="BG-BIT" Name="ov7670_top.bit"/>
  <File Type="BITSTR-RBT" Name="ov7670_top.rbt"/>
  <File Type="BITSTR-NKY" Name="ov7670_top.nky"/>
  <File Type="BG-DRC" Name="ov7670_top.drc"/>
  <File Type="RDI-RDI" Name="ov7670_top.vdi"/>
  <File Type="WBT-USG" Name="usage_statistics_webtalk.html"/>
  <FileSet Name="sources" Type="DesignSrcs" RelSrcDir="$PSRCDIR/sources_1">
    <Filter Type="Srcs"/>
    <File Path="$PSRCDIR/sources_1/ip/blk_mem_gen_0/blk_mem_gen_0.xci">
      <FileInfo>
        <Attr Name="ImportPath" Val="$PPRDIR/../../../../../../../../../0000MS/AdvEmbSys/Downloads/proj_azad/Camera_control/Camera_control.srcs/sources_1/ip/blk_mem_gen_0/blk_mem_gen_0.xci"/>
        <Attr Name="ImportTime" Val="1586404145"/>
        <Attr Name="UsedIn" Val="synthesis"/>
        <Attr Name="UsedIn" Val="implementation"/>
        <Attr Name="UsedIn" Val="simulation"/>
      </FileInfo>
    </File>
    <File Path="$PSRCDIR/sources_1/imports/os7670/clocking.vhd">
      <FileInfo>
        <Attr Name="ImportPath" Val="$PPRDIR/../../../../../../../../../0000MS/AdvEmbSys/Users/samy/Downloads/os7670/clocking.vhd"/>
        <Attr Name="ImportTime" Val="1586403700"/>
        <Attr Name="UsedIn" Val="synthesis"/>
        <Attr Name="UsedIn" Val="simulation"/>
      </FileInfo>
    </File>
    <File Path="$PSRCDIR/sources_1/imports/os7670/debounce.vhd">
      <FileInfo>
        <Attr Name="ImportPath" Val="$PPRDIR/../../../../../../../../../0000MS/AdvEmbSys/Users/samy/Downloads/os7670/debounce.vhd"/>
        <Attr Name="ImportTime" Val="1586403662"/>
        <Attr Name="UsedIn" Val="synthesis"/>
        <Attr Name="UsedIn" Val="simulation"/>
      </FileInfo>
    </File>
    <File Path="$PSRCDIR/sources_1/imports/os7670/i2c_sender.vhd">
      <FileInfo>
        <Attr Name="ImportPath" Val="$PPRDIR/../../../../../../../../../0000MS/AdvEmbSys/Users/samy/Downloads/os7670/i2c_sender.vhd"/>
        <Attr Name="ImportTime" Val="1586403544"/>
        <Attr Name="UsedIn" Val="synthesis"/>
        <Attr Name="UsedIn" Val="simulation"/>
      </FileInfo>
    </File>
    <File Path="$PSRCDIR/sources_1/imports/os7670/ov7670_capture.vhd">
      <FileInfo>
        <Attr Name="ImportPath" Val="$PPRDIR/../../../../../../../../../0000MS/AdvEmbSys/Users/samy/Downloads/os7670/ov7670_capture.vhd"/>
        <Attr Name="ImportTime" Val="1586403571"/>
        <Attr Name="UsedIn" Val="synthesis"/>
        <Attr Name="UsedIn" Val="simulation"/>
      </FileInfo>
    </File>
    <File Path="$PSRCDIR/sources_1/imports/os7670/ov7670_controller.vhd">
      <FileInfo>
        <Attr Name="ImportPath" Val="$PPRDIR/../../../../../../../../../0000MS/AdvEmbSys/Users/samy/Downloads/os7670/ov7670_controller.vhd"/>
        <Attr Name="ImportTime" Val="1586403597"/>
        <Attr Name="UsedIn" Val="synthesis"/>
        <Attr Name="UsedIn" Val="simulation"/>
      </FileInfo>
    </File>
    <File Path="$PSRCDIR/sources_1/imports/os7670/ov7670_registers.vhd">
      <FileInfo>
        <Attr Name="ImportPath" Val="$PPRDIR/../../../../../../../../../0000MS/AdvEmbSys/Users/samy/Downloads/os7670/ov7670_registers.vhd"/>
        <Attr Name="ImportTime" Val="1586403619"/>
        <Attr Name="UsedIn" Val="synthesis"/>
        <Attr Name="UsedIn" Val="simulation"/>
      </FileInfo>
    </File>
    <File Path="$PSRCDIR/sources_1/imports/os7670/ov7670_top.vhd">
      <FileInfo>
        <Attr Name="ImportPath" Val="$PPRDIR/../../../../../../../../../0000MS/AdvEmbSys/Users/samy/Downloads/os7670/ov7670_top.vhd"/>
        <Attr Name="ImportTime" Val="1586403731"/>
        <Attr Name="UsedIn" Val="synthesis"/>
        <Attr Name="UsedIn" Val="simulation"/>
      </FileInfo>
    </File>
    <File Path="$PSRCDIR/sources_1/imports/Camera_control/archive_project_summary.txt">
      <FileInfo>
        <Attr Name="ImportPath" Val="$PPRDIR/../../../../../../../../../0000MS/AdvEmbSys/ProjectFolder/Camera_control.xpr/Camera_control/archive_project_summary.txt"/>
        <Attr Name="ImportTime" Val="1586396444"/>
      </FileInfo>
    </File>
    <Config>
      <Option Name="DesignMode" Val="RTL"/>
      <Option Name="TopModule" Val="ov7670_top"/>
      <Option Name="TopAutoSet" Val="TRUE"/>
    </Config>
  </FileSet>
  <FileSet Name="constrs_in" Type="Constrs" RelSrcDir="$PSRCDIR/constrs_1">
    <Filter Type="Constrs"/>
    <File Path="$PSRCDIR/constrs_1/new/cameracontrol.xdc">
      <FileInfo>
        <Attr Name="ImportPath" Val="$PPRDIR/../../../../../../../../../0000MS/AdvEmbSys/ProjectFolder/Camera_control.xpr/Camera_control/Camera_control.srcs/constrs_1/new/cameracontrol.xdc"/>
        <Attr Name="ImportTime" Val="1586530843"/>
        <Attr Name="UsedIn" Val="synthesis"/>
        <Attr Name="UsedIn" Val="implementation"/>
      </FileInfo>
    </File>
    <Config>
      <Option Name="TargetConstrsFile" Val="$PSRCDIR/constrs_1/new/cameracontrol.xdc"/>
      <Option Name="ConstrsType" Val="XDC"/>
    </Config>
  </FileSet>
  <FileSet Name="utils" Type="Utils" RelSrcDir="$PSRCDIR/utils_1">
    <Filter Type="Utils"/>
    <Config>
      <Option Name="TopAutoSet" Val="TRUE"/>
    </Config>
  </FileSet>
  <Strategy Version="1" Minor="2">
    <StratHandle Name="Vivado Implementation Defaults" Flow="Vivado Implementation 2019"/>
    <Step Id="init_design"/>
    <Step Id="opt_design"/>
    <Step Id="power_opt_design"/>
    <Step Id="place_design"/>
    <Step Id="post_place_power_opt_design"/>
    <Step Id="phys_opt_design"/>
    <Step Id="route_design"/>
    <Step Id="post_route_phys_opt_design"/>
    <Step Id="write_bitstream"/>
  </Strategy>
</GenRun>
