<?xml version="1.0" encoding="UTF-8"?>
<GenRun Id="synth_1" LaunchPart="xc7z010clg400-1" LaunchTime="1586530851">
  <File Type="PA-TCL" Name="ov7670_top.tcl"/>
  <File Type="REPORTS-TCL" Name="ov7670_top_reports.tcl"/>
  <File Type="RDS-RDS" Name="ov7670_top.vds"/>
  <File Type="RDS-UTIL" Name="ov7670_top_utilization_synth.rpt"/>
  <File Type="RDS-UTIL-PB" Name="ov7670_top_utilization_synth.pb"/>
  <File Type="RDS-DCP" Name="ov7670_top.dcp"/>
  <FileSet Name="sources" Type="DesignSrcs" RelSrcDir="$PSRCDIR/sources_1">
    <Filter Type="Srcs"/>
    <File Path="$PSRCDIR/sources_1/ip/blk_mem_gen_0/blk_mem_gen_0.xci">
      <FileInfo>
        <Attr Name="ImportPath" Val="$PPRDIR/../../../../../../../../../0000MS/AdvEmbSys/Downloads/proj_azad/Camera_control/Camera_control.srcs/sources_1/ip/blk_mem_gen_0/blk_mem_gen_0.xci"/>
        <Attr Name="ImportTime" Val="1586404145"/>
        <Attr Name="UsedIn" Val="synthesis"/>
        <Attr Name="UsedIn" Val="implementation"/>
        <Attr Name="UsedIn" Val="simulation"/>
      </FileInfo>
    </File>
    <File Path="$PSRCDIR/sources_1/imports/os7670/clocking.vhd">
      <FileInfo>
        <Attr Name="ImportPath" Val="$PPRDIR/../../../../../../../../../0000MS/AdvEmbSys/Users/samy/Downloads/os7670/clocking.vhd"/>
        <Attr Name="ImportTime" Val="1586403700"/>
        <Attr Name="UsedIn" Val="synthesis"/>
        <Attr Name="UsedIn" Val="simulation"/>
      </FileInfo>
    </File>
    <File Path="$PSRCDIR/sources_1/imports/os7670/debounce.vhd">
      <FileInfo>
        <Attr Name="ImportPath" Val="$PPRDIR/../../../../../../../../../0000MS/AdvEmbSys/Users/samy/Downloads/os7670/debounce.vhd"/>
        <Attr Name="ImportTime" Val="1586403662"/>
        <Attr Name="UsedIn" Val="synthesis"/>
        <Attr Name="UsedIn" Val="simulation"/>
      </FileInfo>
    </File>
    <File Path="$PSRCDIR/sources_1/imports/os7670/i2c_sender.vhd">
      <FileInfo>
        <Attr Name="ImportPath" Val="$PPRDIR/../../../../../../../../../0000MS/AdvEmbSys/Users/samy/Downloads/os7670/i2c_sender.vhd"/>
        <Attr Name="ImportTime" Val="1586403544"/>
        <Attr Name="UsedIn" Val="synthesis"/>
        <Attr Name="UsedIn" Val="simulation"/>
      </FileInfo>
    </File>
    <File Path="$PSRCDIR/sources_1/imports/os7670/ov7670_capture.vhd">
      <FileInfo>
        <Attr Name="ImportPath" Val="$PPRDIR/../../../../../../../../../0000MS/AdvEmbSys/Users/samy/Downloads/os7670/ov7670_capture.vhd"/>
        <Attr Name="ImportTime" Val="1586403571"/>
        <Attr Name="UsedIn" Val="synthesis"/>
        <Attr Name="UsedIn" Val="simulation"/>
      </FileInfo>
    </File>
    <File Path="$PSRCDIR/sources_1/imports/os7670/ov7670_controller.vhd">
      <FileInfo>
        <Attr Name="ImportPath" Val="$PPRDIR/../../../../../../../../../0000MS/AdvEmbSys/Users/samy/Downloads/os7670/ov7670_controller.vhd"/>
        <Attr Name="ImportTime" Val="1586403597"/>
        <Attr Name="UsedIn" Val="synthesis"/>
        <Attr Name="UsedIn" Val="simulation"/>
      </FileInfo>
    </File>
    <File Path="$PSRCDIR/sources_1/imports/os7670/ov7670_registers.vhd">
      <FileInfo>
        <Attr Name="ImportPath" Val="$PPRDIR/../../../../../../../../../0000MS/AdvEmbSys/Users/samy/Downloads/os7670/ov7670_registers.vhd"/>
        <Attr Name="ImportTime" Val="1586403619"/>
        <Attr Name="UsedIn" Val="synthesis"/>
        <Attr Name="UsedIn" Val="simulation"/>
      </FileInfo>
    </File>
    <File Path="$PSRCDIR/sources_1/imports/os7670/ov7670_top.vhd">
      <FileInfo>
        <Attr Name="ImportPath" Val="$PPRDIR/../../../../../../../../../0000MS/AdvEmbSys/Users/samy/Downloads/os7670/ov7670_top.vhd"/>
        <Attr Name="ImportTime" Val="1586403731"/>
        <Attr Name="UsedIn" Val="synthesis"/>
        <Attr Name="UsedIn" Val="simulation"/>
      </FileInfo>
    </File>
    <File Path="$PSRCDIR/sources_1/imports/Camera_control/archive_project_summary.txt">
      <FileInfo>
        <Attr Name="ImportPath" Val="$PPRDIR/../../../../../../../../../0000MS/AdvEmbSys/ProjectFolder/Camera_control.xpr/Camera_control/archive_project_summary.txt"/>
        <Attr Name="ImportTime" Val="1586396444"/>
      </FileInfo>
    </File>
    <Config>
      <Option Name="DesignMode" Val="RTL"/>
      <Option Name="TopModule" Val="ov7670_top"/>
      <Option Name="TopAutoSet" Val="TRUE"/>
    </Config>
  </FileSet>
  <FileSet Name="constrs_in" Type="Constrs" RelSrcDir="$PSRCDIR/constrs_1">
    <Filter Type="Constrs"/>
    <File Path="$PSRCDIR/constrs_1/new/cameracontrol.xdc">
      <FileInfo>
        <Attr Name="ImportPath" Val="$PPRDIR/../../../../../../../../../0000MS/AdvEmbSys/ProjectFolder/Camera_control.xpr/Camera_control/Camera_control.srcs/constrs_1/new/cameracontrol.xdc"/>
        <Attr Name="ImportTime" Val="1586530843"/>
        <Attr Name="UsedIn" Val="synthesis"/>
        <Attr Name="UsedIn" Val="implementation"/>
      </FileInfo>
    </File>
    <Config>
      <Option Name="TargetConstrsFile" Val="$PSRCDIR/constrs_1/new/cameracontrol.xdc"/>
      <Option Name="ConstrsType" Val="XDC"/>
    </Config>
  </FileSet>
  <FileSet Name="utils" Type="Utils" RelSrcDir="$PSRCDIR/utils_1">
    <Filter Type="Utils"/>
    <Config>
      <Option Name="TopAutoSet" Val="TRUE"/>
    </Config>
  </FileSet>
  <Strategy Version="1" Minor="2">
    <StratHandle Name="Vivado Synthesis Defaults" Flow="Vivado Synthesis 2019"/>
    <Step Id="synth_design"/>
  </Strategy>
</GenRun>
